{"cameraMode":{"drawMode":0,"name":"Shaded","section":"Shading Mode"},"sceneLighting":true,"audioPlay":false,"sceneViewState":{"m_AlwaysRefresh":false,"showFog":true,"showSkybox":true,"showFlares":true,"showImageEffects":true,"showParticleSystems":true,"showVisualEffectGraphs":true,"m_FxEnabled":true},"in2DMode":false,"pivot":{"x":-0.5669647455215454,"y":2.0723464488983156,"z":-3.2285358905792238},"rotation":{"x":-0.10298214107751847,"y":0.4723139703273773,"z":-0.055626969784498218,"w":-0.8736726641654968},"size":2.8917734622955324,"orthographic":true}